nn4sys,vnncomp2022/benchmarks/nn4sys/onnx/pensieve_mid_simple.onnx,vnncomp2022/benchmarks/nn4sys/vnnlib/pensieve_simple_0.vnnlib,2.511375039,prepare_instance_error_1,-1
nn4sys,vnncomp2022/benchmarks/nn4sys/onnx/pensieve_mid_simple.onnx,vnncomp2022/benchmarks/nn4sys/vnnlib/pensieve_simple_1.vnnlib,2.350290968,prepare_instance_error_1,-1
nn4sys,vnncomp2022/benchmarks/nn4sys/onnx/pensieve_small_simple.onnx,vnncomp2022/benchmarks/nn4sys/vnnlib/pensieve_simple_2.vnnlib,2.365683880,prepare_instance_error_1,-1
nn4sys,vnncomp2022/benchmarks/nn4sys/onnx/pensieve_mid_simple.onnx,vnncomp2022/benchmarks/nn4sys/vnnlib/pensieve_simple_3.vnnlib,2.392049751,prepare_instance_error_1,-1
nn4sys,vnncomp2022/benchmarks/nn4sys/onnx/pensieve_small_simple.onnx,vnncomp2022/benchmarks/nn4sys/vnnlib/pensieve_simple_4.vnnlib,2.459067466,prepare_instance_error_1,-1
nn4sys,vnncomp2022/benchmarks/nn4sys/onnx/pensieve_small_parallel.onnx,vnncomp2022/benchmarks/nn4sys/vnnlib/pensieve_parallel_5.vnnlib,2.366610973,prepare_instance_error_1,-1
nn4sys,vnncomp2022/benchmarks/nn4sys/onnx/pensieve_big_parallel.onnx,vnncomp2022/benchmarks/nn4sys/vnnlib/pensieve_parallel_6.vnnlib,2.461905677,prepare_instance_error_1,-1
nn4sys,vnncomp2022/benchmarks/nn4sys/onnx/pensieve_mid_simple.onnx,vnncomp2022/benchmarks/nn4sys/vnnlib/pensieve_simple_7.vnnlib,2.417616199,prepare_instance_error_1,-1
nn4sys,vnncomp2022/benchmarks/nn4sys/onnx/pensieve_big_parallel.onnx,vnncomp2022/benchmarks/nn4sys/vnnlib/pensieve_parallel_8.vnnlib,2.184445450,prepare_instance_error_1,-1
nn4sys,vnncomp2022/benchmarks/nn4sys/onnx/pensieve_small_simple.onnx,vnncomp2022/benchmarks/nn4sys/vnnlib/pensieve_simple_9.vnnlib,2.347538660,prepare_instance_error_1,-1
nn4sys,vnncomp2022/benchmarks/nn4sys/onnx/pensieve_big_parallel.onnx,vnncomp2022/benchmarks/nn4sys/vnnlib/pensieve_parallel_10.vnnlib,2.542931294,prepare_instance_error_1,-1
nn4sys,vnncomp2022/benchmarks/nn4sys/onnx/pensieve_mid_simple.onnx,vnncomp2022/benchmarks/nn4sys/vnnlib/pensieve_simple_11.vnnlib,2.546343604,prepare_instance_error_1,-1
nn4sys,vnncomp2022/benchmarks/nn4sys/onnx/pensieve_small_simple.onnx,vnncomp2022/benchmarks/nn4sys/vnnlib/pensieve_simple_12.vnnlib,2.596712490,prepare_instance_error_1,-1
nn4sys,vnncomp2022/benchmarks/nn4sys/onnx/pensieve_small_simple.onnx,vnncomp2022/benchmarks/nn4sys/vnnlib/pensieve_simple_13.vnnlib,2.508957846,prepare_instance_error_1,-1
nn4sys,vnncomp2022/benchmarks/nn4sys/onnx/pensieve_big_parallel.onnx,vnncomp2022/benchmarks/nn4sys/vnnlib/pensieve_parallel_14.vnnlib,2.427578933,prepare_instance_error_1,-1
nn4sys,vnncomp2022/benchmarks/nn4sys/onnx/pensieve_small_simple.onnx,vnncomp2022/benchmarks/nn4sys/vnnlib/pensieve_simple_15.vnnlib,2.403204893,prepare_instance_error_1,-1
nn4sys,vnncomp2022/benchmarks/nn4sys/onnx/pensieve_big_parallel.onnx,vnncomp2022/benchmarks/nn4sys/vnnlib/pensieve_parallel_16.vnnlib,2.440074452,prepare_instance_error_1,-1
nn4sys,vnncomp2022/benchmarks/nn4sys/onnx/pensieve_mid_simple.onnx,vnncomp2022/benchmarks/nn4sys/vnnlib/pensieve_simple_17.vnnlib,2.437784771,prepare_instance_error_1,-1
nn4sys,vnncomp2022/benchmarks/nn4sys/onnx/pensieve_small_simple.onnx,vnncomp2022/benchmarks/nn4sys/vnnlib/pensieve_simple_18.vnnlib,2.418456322,prepare_instance_error_1,-1
nn4sys,vnncomp2022/benchmarks/nn4sys/onnx/pensieve_small_simple.onnx,vnncomp2022/benchmarks/nn4sys/vnnlib/pensieve_simple_19.vnnlib,2.360735001,prepare_instance_error_1,-1
nn4sys,vnncomp2022/benchmarks/nn4sys/onnx/pensieve_small_simple.onnx,vnncomp2022/benchmarks/nn4sys/vnnlib/pensieve_simple_20.vnnlib,2.438989947,prepare_instance_error_1,-1
nn4sys,vnncomp2022/benchmarks/nn4sys/onnx/pensieve_big_simple.onnx,vnncomp2022/benchmarks/nn4sys/vnnlib/pensieve_simple_21.vnnlib,2.565345229,prepare_instance_error_1,-1
nn4sys,vnncomp2022/benchmarks/nn4sys/onnx/pensieve_small_simple.onnx,vnncomp2022/benchmarks/nn4sys/vnnlib/pensieve_simple_22.vnnlib,2.414703559,prepare_instance_error_1,-1
nn4sys,vnncomp2022/benchmarks/nn4sys/onnx/pensieve_big_parallel.onnx,vnncomp2022/benchmarks/nn4sys/vnnlib/pensieve_parallel_23.vnnlib,2.467811604,prepare_instance_error_1,-1
nn4sys,vnncomp2022/benchmarks/nn4sys/onnx/pensieve_small_parallel.onnx,vnncomp2022/benchmarks/nn4sys/vnnlib/pensieve_parallel_24.vnnlib,2.456890877,prepare_instance_error_1,-1
nn4sys,vnncomp2022/benchmarks/nn4sys/onnx/pensieve_mid_simple.onnx,vnncomp2022/benchmarks/nn4sys/vnnlib/pensieve_simple_25.vnnlib,2.270113306,prepare_instance_error_1,-1
nn4sys,vnncomp2022/benchmarks/nn4sys/onnx/pensieve_big_parallel.onnx,vnncomp2022/benchmarks/nn4sys/vnnlib/pensieve_parallel_26.vnnlib,2.416425864,prepare_instance_error_1,-1
nn4sys,vnncomp2022/benchmarks/nn4sys/onnx/pensieve_mid_simple.onnx,vnncomp2022/benchmarks/nn4sys/vnnlib/pensieve_simple_27.vnnlib,2.269237243,prepare_instance_error_1,-1
nn4sys,vnncomp2022/benchmarks/nn4sys/onnx/pensieve_small_parallel.onnx,vnncomp2022/benchmarks/nn4sys/vnnlib/pensieve_parallel_28.vnnlib,2.328184963,prepare_instance_error_1,-1
nn4sys,vnncomp2022/benchmarks/nn4sys/onnx/pensieve_small_simple.onnx,vnncomp2022/benchmarks/nn4sys/vnnlib/pensieve_simple_29.vnnlib,2.247521122,prepare_instance_error_1,-1
nn4sys,vnncomp2022/benchmarks/nn4sys/onnx/pensieve_small_simple.onnx,vnncomp2022/benchmarks/nn4sys/vnnlib/pensieve_simple_30.vnnlib,2.281011203,prepare_instance_error_1,-1
nn4sys,vnncomp2022/benchmarks/nn4sys/onnx/pensieve_mid_simple.onnx,vnncomp2022/benchmarks/nn4sys/vnnlib/pensieve_simple_31.vnnlib,2.308250817,prepare_instance_error_1,-1
nn4sys,vnncomp2022/benchmarks/nn4sys/onnx/pensieve_big_simple.onnx,vnncomp2022/benchmarks/nn4sys/vnnlib/pensieve_simple_32.vnnlib,2.423720970,prepare_instance_error_1,-1
nn4sys,vnncomp2022/benchmarks/nn4sys/onnx/pensieve_big_simple.onnx,vnncomp2022/benchmarks/nn4sys/vnnlib/pensieve_simple_33.vnnlib,2.317013453,prepare_instance_error_1,-1
nn4sys,vnncomp2022/benchmarks/nn4sys/onnx/pensieve_big_simple.onnx,vnncomp2022/benchmarks/nn4sys/vnnlib/pensieve_simple_34.vnnlib,2.238856057,prepare_instance_error_1,-1
nn4sys,vnncomp2022/benchmarks/nn4sys/onnx/pensieve_big_parallel.onnx,vnncomp2022/benchmarks/nn4sys/vnnlib/pensieve_parallel_35.vnnlib,2.220358511,prepare_instance_error_1,-1
nn4sys,vnncomp2022/benchmarks/nn4sys/onnx/pensieve_big_parallel.onnx,vnncomp2022/benchmarks/nn4sys/vnnlib/pensieve_parallel_36.vnnlib,2.230768641,prepare_instance_error_1,-1
nn4sys,vnncomp2022/benchmarks/nn4sys/onnx/pensieve_big_parallel.onnx,vnncomp2022/benchmarks/nn4sys/vnnlib/pensieve_parallel_37.vnnlib,2.219654740,prepare_instance_error_1,-1
nn4sys,vnncomp2022/benchmarks/nn4sys/onnx/pensieve_big_parallel.onnx,vnncomp2022/benchmarks/nn4sys/vnnlib/pensieve_parallel_38.vnnlib,2.193796368,prepare_instance_error_1,-1
nn4sys,vnncomp2022/benchmarks/nn4sys/onnx/pensieve_big_parallel.onnx,vnncomp2022/benchmarks/nn4sys/vnnlib/pensieve_parallel_39.vnnlib,2.196674879,prepare_instance_error_1,-1
nn4sys,vnncomp2022/benchmarks/nn4sys/onnx/pensieve_big_parallel.onnx,vnncomp2022/benchmarks/nn4sys/vnnlib/pensieve_parallel_40.vnnlib,2.214097211,prepare_instance_error_1,-1
nn4sys,vnncomp2022/benchmarks/nn4sys/onnx/pensieve_big_parallel.onnx,vnncomp2022/benchmarks/nn4sys/vnnlib/pensieve_parallel_41.vnnlib,2.203219063,prepare_instance_error_1,-1
nn4sys,vnncomp2022/benchmarks/nn4sys/onnx/pensieve_big_parallel.onnx,vnncomp2022/benchmarks/nn4sys/vnnlib/pensieve_parallel_42.vnnlib,2.268357573,prepare_instance_error_1,-1
nn4sys,vnncomp2022/benchmarks/nn4sys/onnx/pensieve_big_parallel.onnx,vnncomp2022/benchmarks/nn4sys/vnnlib/pensieve_parallel_43.vnnlib,2.151487139,prepare_instance_error_1,-1
nn4sys,vnncomp2022/benchmarks/nn4sys/onnx/pensieve_big_parallel.onnx,vnncomp2022/benchmarks/nn4sys/vnnlib/pensieve_parallel_44.vnnlib,2.188381651,prepare_instance_error_1,-1
nn4sys,vnncomp2022/benchmarks/nn4sys/onnx/pensieve_big_parallel.onnx,vnncomp2022/benchmarks/nn4sys/vnnlib/pensieve_parallel_45.vnnlib,2.107462373,prepare_instance_error_1,-1
nn4sys,vnncomp2022/benchmarks/nn4sys/onnx/pensieve_big_parallel.onnx,vnncomp2022/benchmarks/nn4sys/vnnlib/pensieve_parallel_46.vnnlib,2.160649370,prepare_instance_error_1,-1
nn4sys,vnncomp2022/benchmarks/nn4sys/onnx/pensieve_big_parallel.onnx,vnncomp2022/benchmarks/nn4sys/vnnlib/pensieve_parallel_47.vnnlib,2.148524407,prepare_instance_error_1,-1
nn4sys,vnncomp2022/benchmarks/nn4sys/onnx/pensieve_big_parallel.onnx,vnncomp2022/benchmarks/nn4sys/vnnlib/pensieve_parallel_48.vnnlib,2.162225024,prepare_instance_error_1,-1
nn4sys,vnncomp2022/benchmarks/nn4sys/onnx/pensieve_big_parallel.onnx,vnncomp2022/benchmarks/nn4sys/vnnlib/pensieve_parallel_49.vnnlib,2.233518990,prepare_instance_error_1,-1
nn4sys,vnncomp2022/benchmarks/nn4sys/onnx/pensieve_big_parallel.onnx,vnncomp2022/benchmarks/nn4sys/vnnlib/pensieve_parallel_50.vnnlib,2.340990470,prepare_instance_error_1,-1
nn4sys,vnncomp2022/benchmarks/nn4sys/onnx/pensieve_big_parallel.onnx,vnncomp2022/benchmarks/nn4sys/vnnlib/pensieve_parallel_51.vnnlib,2.303995367,prepare_instance_error_1,-1
nn4sys,vnncomp2022/benchmarks/nn4sys/onnx/pensieve_big_parallel.onnx,vnncomp2022/benchmarks/nn4sys/vnnlib/pensieve_parallel_52.vnnlib,2.176721883,prepare_instance_error_1,-1
nn4sys,vnncomp2022/benchmarks/nn4sys/onnx/pensieve_big_parallel.onnx,vnncomp2022/benchmarks/nn4sys/vnnlib/pensieve_parallel_53.vnnlib,2.246213344,prepare_instance_error_1,-1
nn4sys,vnncomp2022/benchmarks/nn4sys/onnx/pensieve_big_parallel.onnx,vnncomp2022/benchmarks/nn4sys/vnnlib/pensieve_parallel_54.vnnlib,2.167504361,prepare_instance_error_1,-1
nn4sys,vnncomp2022/benchmarks/nn4sys/onnx/pensieve_big_parallel.onnx,vnncomp2022/benchmarks/nn4sys/vnnlib/pensieve_parallel_55.vnnlib,2.175833661,prepare_instance_error_1,-1
nn4sys,vnncomp2022/benchmarks/nn4sys/onnx/pensieve_big_parallel.onnx,vnncomp2022/benchmarks/nn4sys/vnnlib/pensieve_parallel_56.vnnlib,2.170514303,prepare_instance_error_1,-1
nn4sys,vnncomp2022/benchmarks/nn4sys/onnx/pensieve_big_parallel.onnx,vnncomp2022/benchmarks/nn4sys/vnnlib/pensieve_parallel_57.vnnlib,2.226305298,prepare_instance_error_1,-1
nn4sys,vnncomp2022/benchmarks/nn4sys/onnx/pensieve_big_parallel.onnx,vnncomp2022/benchmarks/nn4sys/vnnlib/pensieve_parallel_58.vnnlib,2.160727213,prepare_instance_error_1,-1
nn4sys,vnncomp2022/benchmarks/nn4sys/onnx/pensieve_big_parallel.onnx,vnncomp2022/benchmarks/nn4sys/vnnlib/pensieve_parallel_59.vnnlib,2.277952672,prepare_instance_error_1,-1
nn4sys,vnncomp2022/benchmarks/nn4sys/onnx/pensieve_big_parallel.onnx,vnncomp2022/benchmarks/nn4sys/vnnlib/pensieve_parallel_60.vnnlib,2.160884316,prepare_instance_error_1,-1
nn4sys,vnncomp2022/benchmarks/nn4sys/onnx/pensieve_big_parallel.onnx,vnncomp2022/benchmarks/nn4sys/vnnlib/pensieve_parallel_61.vnnlib,2.175297462,prepare_instance_error_1,-1
nn4sys,vnncomp2022/benchmarks/nn4sys/onnx/pensieve_big_parallel.onnx,vnncomp2022/benchmarks/nn4sys/vnnlib/pensieve_parallel_62.vnnlib,2.182291034,prepare_instance_error_1,-1
nn4sys,vnncomp2022/benchmarks/nn4sys/onnx/pensieve_big_parallel.onnx,vnncomp2022/benchmarks/nn4sys/vnnlib/pensieve_parallel_63.vnnlib,2.160487760,prepare_instance_error_1,-1
nn4sys,vnncomp2022/benchmarks/nn4sys/onnx/pensieve_big_parallel.onnx,vnncomp2022/benchmarks/nn4sys/vnnlib/pensieve_parallel_64.vnnlib,2.117086564,prepare_instance_error_1,-1
nn4sys,vnncomp2022/benchmarks/nn4sys/onnx/pensieve_big_parallel.onnx,vnncomp2022/benchmarks/nn4sys/vnnlib/pensieve_parallel_65.vnnlib,2.078298196,prepare_instance_error_1,-1
nn4sys,vnncomp2022/benchmarks/nn4sys/onnx/pensieve_big_parallel.onnx,vnncomp2022/benchmarks/nn4sys/vnnlib/pensieve_parallel_66.vnnlib,1.994468149,prepare_instance_error_1,-1
nn4sys,vnncomp2022/benchmarks/nn4sys/onnx/pensieve_big_parallel.onnx,vnncomp2022/benchmarks/nn4sys/vnnlib/pensieve_parallel_67.vnnlib,1.999644893,prepare_instance_error_1,-1
nn4sys,vnncomp2022/benchmarks/nn4sys/onnx/pensieve_big_parallel.onnx,vnncomp2022/benchmarks/nn4sys/vnnlib/pensieve_parallel_68.vnnlib,2.002039738,prepare_instance_error_1,-1
nn4sys,vnncomp2022/benchmarks/nn4sys/onnx/pensieve_big_parallel.onnx,vnncomp2022/benchmarks/nn4sys/vnnlib/pensieve_parallel_69.vnnlib,2.202286862,prepare_instance_error_1,-1
nn4sys,vnncomp2022/benchmarks/nn4sys/onnx/pensieve_big_parallel.onnx,vnncomp2022/benchmarks/nn4sys/vnnlib/pensieve_parallel_70.vnnlib,2.182413867,prepare_instance_error_1,-1
nn4sys,vnncomp2022/benchmarks/nn4sys/onnx/pensieve_big_parallel.onnx,vnncomp2022/benchmarks/nn4sys/vnnlib/pensieve_parallel_71.vnnlib,2.173355306,prepare_instance_error_1,-1
nn4sys,vnncomp2022/benchmarks/nn4sys/onnx/pensieve_big_parallel.onnx,vnncomp2022/benchmarks/nn4sys/vnnlib/pensieve_parallel_72.vnnlib,2.147580125,prepare_instance_error_1,-1
nn4sys,vnncomp2022/benchmarks/nn4sys/onnx/pensieve_big_parallel.onnx,vnncomp2022/benchmarks/nn4sys/vnnlib/pensieve_parallel_73.vnnlib,2.204395334,prepare_instance_error_1,-1
nn4sys,vnncomp2022/benchmarks/nn4sys/onnx/pensieve_big_parallel.onnx,vnncomp2022/benchmarks/nn4sys/vnnlib/pensieve_parallel_74.vnnlib,2.210113986,prepare_instance_error_1,-1
nn4sys,vnncomp2022/benchmarks/nn4sys/onnx/pensieve_big_parallel.onnx,vnncomp2022/benchmarks/nn4sys/vnnlib/pensieve_parallel_75.vnnlib,2.223127094,prepare_instance_error_1,-1
nn4sys,vnncomp2022/benchmarks/nn4sys/onnx/pensieve_big_parallel.onnx,vnncomp2022/benchmarks/nn4sys/vnnlib/pensieve_parallel_76.vnnlib,2.302672290,prepare_instance_error_1,-1
nn4sys,vnncomp2022/benchmarks/nn4sys/onnx/pensieve_big_parallel.onnx,vnncomp2022/benchmarks/nn4sys/vnnlib/pensieve_parallel_77.vnnlib,2.205318727,prepare_instance_error_1,-1
nn4sys,vnncomp2022/benchmarks/nn4sys/onnx/pensieve_big_parallel.onnx,vnncomp2022/benchmarks/nn4sys/vnnlib/pensieve_parallel_78.vnnlib,2.155831165,prepare_instance_error_1,-1
nn4sys,vnncomp2022/benchmarks/nn4sys/onnx/pensieve_big_parallel.onnx,vnncomp2022/benchmarks/nn4sys/vnnlib/pensieve_parallel_79.vnnlib,2.177270773,prepare_instance_error_1,-1
nn4sys,vnncomp2022/benchmarks/nn4sys/onnx/pensieve_big_parallel.onnx,vnncomp2022/benchmarks/nn4sys/vnnlib/pensieve_parallel_80.vnnlib,2.038870787,prepare_instance_error_1,-1
nn4sys,vnncomp2022/benchmarks/nn4sys/onnx/pensieve_big_parallel.onnx,vnncomp2022/benchmarks/nn4sys/vnnlib/pensieve_parallel_81.vnnlib,2.055649370,prepare_instance_error_1,-1
nn4sys,vnncomp2022/benchmarks/nn4sys/onnx/pensieve_big_parallel.onnx,vnncomp2022/benchmarks/nn4sys/vnnlib/pensieve_parallel_82.vnnlib,2.111093641,prepare_instance_error_1,-1
nn4sys,vnncomp2022/benchmarks/nn4sys/onnx/pensieve_big_parallel.onnx,vnncomp2022/benchmarks/nn4sys/vnnlib/pensieve_parallel_83.vnnlib,2.119730055,prepare_instance_error_1,-1
nn4sys,vnncomp2022/benchmarks/nn4sys/onnx/pensieve_big_parallel.onnx,vnncomp2022/benchmarks/nn4sys/vnnlib/pensieve_parallel_84.vnnlib,2.094966026,prepare_instance_error_1,-1
nn4sys,vnncomp2022/benchmarks/nn4sys/onnx/pensieve_big_parallel.onnx,vnncomp2022/benchmarks/nn4sys/vnnlib/pensieve_parallel_85.vnnlib,2.082560789,prepare_instance_error_1,-1
nn4sys,vnncomp2022/benchmarks/nn4sys/onnx/pensieve_big_parallel.onnx,vnncomp2022/benchmarks/nn4sys/vnnlib/pensieve_parallel_86.vnnlib,2.125528759,prepare_instance_error_1,-1
nn4sys,vnncomp2022/benchmarks/nn4sys/onnx/pensieve_big_parallel.onnx,vnncomp2022/benchmarks/nn4sys/vnnlib/pensieve_parallel_87.vnnlib,2.054384823,prepare_instance_error_1,-1
nn4sys,vnncomp2022/benchmarks/nn4sys/onnx/pensieve_big_parallel.onnx,vnncomp2022/benchmarks/nn4sys/vnnlib/pensieve_parallel_88.vnnlib,2.047002386,prepare_instance_error_1,-1
nn4sys,vnncomp2022/benchmarks/nn4sys/onnx/pensieve_big_parallel.onnx,vnncomp2022/benchmarks/nn4sys/vnnlib/pensieve_parallel_89.vnnlib,2.068818600,prepare_instance_error_1,-1
nn4sys,vnncomp2022/benchmarks/nn4sys/onnx/pensieve_big_parallel.onnx,vnncomp2022/benchmarks/nn4sys/vnnlib/pensieve_parallel_90.vnnlib,2.027584168,prepare_instance_error_1,-1
nn4sys,vnncomp2022/benchmarks/nn4sys/onnx/pensieve_big_parallel.onnx,vnncomp2022/benchmarks/nn4sys/vnnlib/pensieve_parallel_91.vnnlib,2.043767281,prepare_instance_error_1,-1
nn4sys,vnncomp2022/benchmarks/nn4sys/onnx/pensieve_big_parallel.onnx,vnncomp2022/benchmarks/nn4sys/vnnlib/pensieve_parallel_92.vnnlib,2.083728277,prepare_instance_error_1,-1
nn4sys,vnncomp2022/benchmarks/nn4sys/onnx/pensieve_big_parallel.onnx,vnncomp2022/benchmarks/nn4sys/vnnlib/pensieve_parallel_93.vnnlib,2.103934837,prepare_instance_error_1,-1
nn4sys,vnncomp2022/benchmarks/nn4sys/onnx/pensieve_big_parallel.onnx,vnncomp2022/benchmarks/nn4sys/vnnlib/pensieve_parallel_94.vnnlib,2.170667560,prepare_instance_error_1,-1
nn4sys,vnncomp2022/benchmarks/nn4sys/onnx/pensieve_big_parallel.onnx,vnncomp2022/benchmarks/nn4sys/vnnlib/pensieve_parallel_95.vnnlib,2.171210398,prepare_instance_error_1,-1
nn4sys,vnncomp2022/benchmarks/nn4sys/onnx/pensieve_big_parallel.onnx,vnncomp2022/benchmarks/nn4sys/vnnlib/pensieve_parallel_96.vnnlib,2.164253358,prepare_instance_error_1,-1
nn4sys,vnncomp2022/benchmarks/nn4sys/onnx/pensieve_big_parallel.onnx,vnncomp2022/benchmarks/nn4sys/vnnlib/pensieve_parallel_97.vnnlib,2.159649581,prepare_instance_error_1,-1
nn4sys,vnncomp2022/benchmarks/nn4sys/onnx/pensieve_big_parallel.onnx,vnncomp2022/benchmarks/nn4sys/vnnlib/pensieve_parallel_98.vnnlib,2.209422579,prepare_instance_error_1,-1
nn4sys,vnncomp2022/benchmarks/nn4sys/onnx/pensieve_big_parallel.onnx,vnncomp2022/benchmarks/nn4sys/vnnlib/pensieve_parallel_99.vnnlib,2.081010958,prepare_instance_error_1,-1
nn4sys,vnncomp2022/benchmarks/nn4sys/onnx/pensieve_big_parallel.onnx,vnncomp2022/benchmarks/nn4sys/vnnlib/pensieve_parallel_100.vnnlib,2.127311194,prepare_instance_error_1,-1
nn4sys,vnncomp2022/benchmarks/nn4sys/onnx/pensieve_big_parallel.onnx,vnncomp2022/benchmarks/nn4sys/vnnlib/pensieve_parallel_101.vnnlib,2.132831105,prepare_instance_error_1,-1
nn4sys,vnncomp2022/benchmarks/nn4sys/onnx/pensieve_big_parallel.onnx,vnncomp2022/benchmarks/nn4sys/vnnlib/pensieve_parallel_102.vnnlib,2.081725529,prepare_instance_error_1,-1
nn4sys,vnncomp2022/benchmarks/nn4sys/onnx/pensieve_big_parallel.onnx,vnncomp2022/benchmarks/nn4sys/vnnlib/pensieve_parallel_103.vnnlib,2.030473970,prepare_instance_error_1,-1
nn4sys,vnncomp2022/benchmarks/nn4sys/onnx/pensieve_big_parallel.onnx,vnncomp2022/benchmarks/nn4sys/vnnlib/pensieve_parallel_104.vnnlib,2.046246836,prepare_instance_error_1,-1
nn4sys,vnncomp2022/benchmarks/nn4sys/onnx/lindex.onnx,vnncomp2022/benchmarks/nn4sys/vnnlib/lindex_1.vnnlib,2.450570734,error_exit_code_127,.005810934
nn4sys,vnncomp2022/benchmarks/nn4sys/onnx/lindex_deep.onnx,vnncomp2022/benchmarks/nn4sys/vnnlib/lindex_1.vnnlib,2.848491808,error_exit_code_127,.005754723
nn4sys,vnncomp2022/benchmarks/nn4sys/onnx/lindex.onnx,vnncomp2022/benchmarks/nn4sys/vnnlib/lindex_200.vnnlib,2.467370986,error_exit_code_127,.006290820
nn4sys,vnncomp2022/benchmarks/nn4sys/onnx/lindex_deep.onnx,vnncomp2022/benchmarks/nn4sys/vnnlib/lindex_200.vnnlib,2.869379050,error_exit_code_127,.006015897
nn4sys,vnncomp2022/benchmarks/nn4sys/onnx/lindex.onnx,vnncomp2022/benchmarks/nn4sys/vnnlib/lindex_400.vnnlib,2.496520927,error_exit_code_127,.006057947
nn4sys,vnncomp2022/benchmarks/nn4sys/onnx/lindex_deep.onnx,vnncomp2022/benchmarks/nn4sys/vnnlib/lindex_400.vnnlib,2.906716828,error_exit_code_127,.005899675
nn4sys,vnncomp2022/benchmarks/nn4sys/onnx/lindex.onnx,vnncomp2022/benchmarks/nn4sys/vnnlib/lindex_600.vnnlib,2.531526670,error_exit_code_127,.005038543
nn4sys,vnncomp2022/benchmarks/nn4sys/onnx/lindex_deep.onnx,vnncomp2022/benchmarks/nn4sys/vnnlib/lindex_600.vnnlib,3.048751945,error_exit_code_127,.006241610
nn4sys,vnncomp2022/benchmarks/nn4sys/onnx/lindex.onnx,vnncomp2022/benchmarks/nn4sys/vnnlib/lindex_800.vnnlib,2.604266069,error_exit_code_127,.006354921
nn4sys,vnncomp2022/benchmarks/nn4sys/onnx/lindex_deep.onnx,vnncomp2022/benchmarks/nn4sys/vnnlib/lindex_800.vnnlib,3.113123192,error_exit_code_127,.005225766
nn4sys,vnncomp2022/benchmarks/nn4sys/onnx/lindex.onnx,vnncomp2022/benchmarks/nn4sys/vnnlib/lindex_1000.vnnlib,2.660881206,error_exit_code_127,.006436043
nn4sys,vnncomp2022/benchmarks/nn4sys/onnx/lindex_deep.onnx,vnncomp2022/benchmarks/nn4sys/vnnlib/lindex_1000.vnnlib,2.995529898,error_exit_code_127,.006309890
nn4sys,vnncomp2022/benchmarks/nn4sys/onnx/lindex.onnx,vnncomp2022/benchmarks/nn4sys/vnnlib/lindex_3000.vnnlib,2.943651790,error_exit_code_127,.005896464
nn4sys,vnncomp2022/benchmarks/nn4sys/onnx/lindex_deep.onnx,vnncomp2022/benchmarks/nn4sys/vnnlib/lindex_3000.vnnlib,3.424195386,error_exit_code_127,.006363802
nn4sys,vnncomp2022/benchmarks/nn4sys/onnx/lindex.onnx,vnncomp2022/benchmarks/nn4sys/vnnlib/lindex_5000.vnnlib,3.597534114,error_exit_code_127,.006248638
nn4sys,vnncomp2022/benchmarks/nn4sys/onnx/lindex_deep.onnx,vnncomp2022/benchmarks/nn4sys/vnnlib/lindex_5000.vnnlib,4.169419255,error_exit_code_127,.007102353
nn4sys,vnncomp2022/benchmarks/nn4sys/onnx/lindex.onnx,vnncomp2022/benchmarks/nn4sys/vnnlib/lindex_7000.vnnlib,4.533245799,error_exit_code_127,.006282179
nn4sys,vnncomp2022/benchmarks/nn4sys/onnx/lindex_deep.onnx,vnncomp2022/benchmarks/nn4sys/vnnlib/lindex_7000.vnnlib,4.774956192,error_exit_code_127,.005575300
nn4sys,vnncomp2022/benchmarks/nn4sys/onnx/lindex.onnx,vnncomp2022/benchmarks/nn4sys/vnnlib/lindex_9000.vnnlib,6.269158456,error_exit_code_127,.006330301
nn4sys,vnncomp2022/benchmarks/nn4sys/onnx/lindex_deep.onnx,vnncomp2022/benchmarks/nn4sys/vnnlib/lindex_9000.vnnlib,6.802538953,error_exit_code_127,.005763112
nn4sys,vnncomp2022/benchmarks/nn4sys/onnx/lindex.onnx,vnncomp2022/benchmarks/nn4sys/vnnlib/lindex_10000.vnnlib,7.687175254,error_exit_code_127,.006729337
nn4sys,vnncomp2022/benchmarks/nn4sys/onnx/lindex_deep.onnx,vnncomp2022/benchmarks/nn4sys/vnnlib/lindex_10000.vnnlib,7.797471213,error_exit_code_127,.005699431
nn4sys,vnncomp2022/benchmarks/nn4sys/onnx/lindex.onnx,vnncomp2022/benchmarks/nn4sys/vnnlib/lindex_60000.vnnlib,406.460147157,error_exit_code_127,.007913305
nn4sys,vnncomp2022/benchmarks/nn4sys/onnx/lindex_deep.onnx,vnncomp2022/benchmarks/nn4sys/vnnlib/lindex_60000.vnnlib,403.675153908,error_exit_code_127,.007558989
nn4sys,vnncomp2022/benchmarks/nn4sys/onnx/mscn_128d.onnx,vnncomp2022/benchmarks/nn4sys/vnnlib/cardinality_0_1_128.vnnlib,2.363900481,prepare_instance_error_1,-1
nn4sys,vnncomp2022/benchmarks/nn4sys/onnx/mscn_128d.onnx,vnncomp2022/benchmarks/nn4sys/vnnlib/cardinality_0_500_128.vnnlib,2.069661933,prepare_instance_error_1,-1
nn4sys,vnncomp2022/benchmarks/nn4sys/onnx/mscn_128d.onnx,vnncomp2022/benchmarks/nn4sys/vnnlib/cardinality_0_750_128.vnnlib,2.034163030,prepare_instance_error_1,-1
nn4sys,vnncomp2022/benchmarks/nn4sys/onnx/mscn_128d.onnx,vnncomp2022/benchmarks/nn4sys/vnnlib/cardinality_0_1000_128.vnnlib,2.029403843,prepare_instance_error_1,-1
nn4sys,vnncomp2022/benchmarks/nn4sys/onnx/mscn_128d.onnx,vnncomp2022/benchmarks/nn4sys/vnnlib/cardinality_0_2120_128.vnnlib,2.019068023,prepare_instance_error_1,-1
nn4sys,vnncomp2022/benchmarks/nn4sys/onnx/mscn_128d.onnx,vnncomp2022/benchmarks/nn4sys/vnnlib/cardinality_0_2680_128.vnnlib,2.106001498,prepare_instance_error_1,-1
nn4sys,vnncomp2022/benchmarks/nn4sys/onnx/mscn_128d.onnx,vnncomp2022/benchmarks/nn4sys/vnnlib/cardinality_0_3240_128.vnnlib,2.112100706,prepare_instance_error_1,-1
nn4sys,vnncomp2022/benchmarks/nn4sys/onnx/mscn_128d.onnx,vnncomp2022/benchmarks/nn4sys/vnnlib/cardinality_0_3800_128.vnnlib,2.054637455,prepare_instance_error_1,-1
nn4sys,vnncomp2022/benchmarks/nn4sys/onnx/mscn_128d_dual.onnx,vnncomp2022/benchmarks/nn4sys/vnnlib/cardinality_1_1_128_dual.vnnlib,2.110131807,prepare_instance_error_1,-1
nn4sys,vnncomp2022/benchmarks/nn4sys/onnx/mscn_128d_dual.onnx,vnncomp2022/benchmarks/nn4sys/vnnlib/cardinality_1_240_128_dual.vnnlib,2.001204834,prepare_instance_error_1,-1
nn4sys,vnncomp2022/benchmarks/nn4sys/onnx/mscn_128d_dual.onnx,vnncomp2022/benchmarks/nn4sys/vnnlib/cardinality_1_360_128_dual.vnnlib,2.079578425,prepare_instance_error_1,-1
nn4sys,vnncomp2022/benchmarks/nn4sys/onnx/mscn_128d_dual.onnx,vnncomp2022/benchmarks/nn4sys/vnnlib/cardinality_1_480_128_dual.vnnlib,2.077334353,prepare_instance_error_1,-1
nn4sys,vnncomp2022/benchmarks/nn4sys/onnx/mscn_128d_dual.onnx,vnncomp2022/benchmarks/nn4sys/vnnlib/cardinality_1_600_128_dual.vnnlib,2.080067613,prepare_instance_error_1,-1
nn4sys,vnncomp2022/benchmarks/nn4sys/onnx/mscn_128d_dual.onnx,vnncomp2022/benchmarks/nn4sys/vnnlib/cardinality_1_720_128_dual.vnnlib,2.049357999,prepare_instance_error_1,-1
nn4sys,vnncomp2022/benchmarks/nn4sys/onnx/mscn_128d_dual.onnx,vnncomp2022/benchmarks/nn4sys/vnnlib/cardinality_1_840_128_dual.vnnlib,2.081078326,prepare_instance_error_1,-1
nn4sys,vnncomp2022/benchmarks/nn4sys/onnx/mscn_128d_dual.onnx,vnncomp2022/benchmarks/nn4sys/vnnlib/cardinality_1_960_128_dual.vnnlib,2.035968495,prepare_instance_error_1,-1
nn4sys,vnncomp2022/benchmarks/nn4sys/onnx/mscn_128d_dual.onnx,vnncomp2022/benchmarks/nn4sys/vnnlib/cardinality_1_2260_128_dual.vnnlib,2.062820193,prepare_instance_error_1,-1
nn4sys,vnncomp2022/benchmarks/nn4sys/onnx/mscn_128d_dual.onnx,vnncomp2022/benchmarks/nn4sys/vnnlib/cardinality_1_2890_128_dual.vnnlib,2.108696625,prepare_instance_error_1,-1
nn4sys,vnncomp2022/benchmarks/nn4sys/onnx/mscn_128d_dual.onnx,vnncomp2022/benchmarks/nn4sys/vnnlib/cardinality_1_3520_128_dual.vnnlib,2.066218492,prepare_instance_error_1,-1
nn4sys,vnncomp2022/benchmarks/nn4sys/onnx/mscn_128d_dual.onnx,vnncomp2022/benchmarks/nn4sys/vnnlib/cardinality_1_4150_128_dual.vnnlib,2.020510853,prepare_instance_error_1,-1
nn4sys,vnncomp2022/benchmarks/nn4sys/onnx/mscn_128d_dual.onnx,vnncomp2022/benchmarks/nn4sys/vnnlib/cardinality_1_4780_128_dual.vnnlib,2.041068189,prepare_instance_error_1,-1
nn4sys,vnncomp2022/benchmarks/nn4sys/onnx/mscn_128d_dual.onnx,vnncomp2022/benchmarks/nn4sys/vnnlib/cardinality_1_5410_128_dual.vnnlib,2.026864444,prepare_instance_error_1,-1
nn4sys,vnncomp2022/benchmarks/nn4sys/onnx/mscn_128d_dual.onnx,vnncomp2022/benchmarks/nn4sys/vnnlib/cardinality_1_6040_128_dual.vnnlib,2.036104137,prepare_instance_error_1,-1
nn4sys,vnncomp2022/benchmarks/nn4sys/onnx/mscn_128d_dual.onnx,vnncomp2022/benchmarks/nn4sys/vnnlib/cardinality_1_6670_128_dual.vnnlib,2.089269963,prepare_instance_error_1,-1
nn4sys,vnncomp2022/benchmarks/nn4sys/onnx/mscn_128d_dual.onnx,vnncomp2022/benchmarks/nn4sys/vnnlib/cardinality_1_7300_128_dual.vnnlib,2.041503284,prepare_instance_error_1,-1
nn4sys,vnncomp2022/benchmarks/nn4sys/onnx/mscn_128d_dual.onnx,vnncomp2022/benchmarks/nn4sys/vnnlib/cardinality_1_7930_128_dual.vnnlib,2.047897218,prepare_instance_error_1,-1
nn4sys,vnncomp2022/benchmarks/nn4sys/onnx/mscn_128d_dual.onnx,vnncomp2022/benchmarks/nn4sys/vnnlib/cardinality_1_8560_128_dual.vnnlib,2.038983359,prepare_instance_error_1,-1
nn4sys,vnncomp2022/benchmarks/nn4sys/onnx/mscn_128d_dual.onnx,vnncomp2022/benchmarks/nn4sys/vnnlib/cardinality_1_9190_128_dual.vnnlib,2.119701864,prepare_instance_error_1,-1
nn4sys,vnncomp2022/benchmarks/nn4sys/onnx/mscn_128d_dual.onnx,vnncomp2022/benchmarks/nn4sys/vnnlib/cardinality_1_9820_128_dual.vnnlib,2.045162867,prepare_instance_error_1,-1
nn4sys,vnncomp2022/benchmarks/nn4sys/onnx/mscn_128d_dual.onnx,vnncomp2022/benchmarks/nn4sys/vnnlib/cardinality_1_10450_128_dual.vnnlib,2.010213963,prepare_instance_error_1,-1
nn4sys,vnncomp2022/benchmarks/nn4sys/onnx/mscn_128d_dual.onnx,vnncomp2022/benchmarks/nn4sys/vnnlib/cardinality_1_11080_128_dual.vnnlib,2.048282782,prepare_instance_error_1,-1
nn4sys,vnncomp2022/benchmarks/nn4sys/onnx/mscn_2048d.onnx,vnncomp2022/benchmarks/nn4sys/vnnlib/cardinality_0_1_2048.vnnlib,1.988900465,prepare_instance_error_1,-1
nn4sys,vnncomp2022/benchmarks/nn4sys/onnx/mscn_2048d.onnx,vnncomp2022/benchmarks/nn4sys/vnnlib/cardinality_0_500_2048.vnnlib,1.993436391,prepare_instance_error_1,-1
nn4sys,vnncomp2022/benchmarks/nn4sys/onnx/mscn_2048d.onnx,vnncomp2022/benchmarks/nn4sys/vnnlib/cardinality_0_750_2048.vnnlib,1.995733204,prepare_instance_error_1,-1
nn4sys,vnncomp2022/benchmarks/nn4sys/onnx/mscn_2048d.onnx,vnncomp2022/benchmarks/nn4sys/vnnlib/cardinality_0_1000_2048.vnnlib,1.978009428,prepare_instance_error_1,-1
nn4sys,vnncomp2022/benchmarks/nn4sys/onnx/mscn_2048d.onnx,vnncomp2022/benchmarks/nn4sys/vnnlib/cardinality_0_2120_2048.vnnlib,1.998913668,prepare_instance_error_1,-1
nn4sys,vnncomp2022/benchmarks/nn4sys/onnx/mscn_2048d.onnx,vnncomp2022/benchmarks/nn4sys/vnnlib/cardinality_0_2680_2048.vnnlib,2.000787897,prepare_instance_error_1,-1
nn4sys,vnncomp2022/benchmarks/nn4sys/onnx/mscn_2048d.onnx,vnncomp2022/benchmarks/nn4sys/vnnlib/cardinality_0_3240_2048.vnnlib,1.997786903,prepare_instance_error_1,-1
nn4sys,vnncomp2022/benchmarks/nn4sys/onnx/mscn_2048d.onnx,vnncomp2022/benchmarks/nn4sys/vnnlib/cardinality_0_3800_2048.vnnlib,1.981617049,prepare_instance_error_1,-1
nn4sys,vnncomp2022/benchmarks/nn4sys/onnx/mscn_2048d.onnx,vnncomp2022/benchmarks/nn4sys/vnnlib/cardinality_0_4360_2048.vnnlib,1.936905394,prepare_instance_error_1,-1
nn4sys,vnncomp2022/benchmarks/nn4sys/onnx/mscn_2048d.onnx,vnncomp2022/benchmarks/nn4sys/vnnlib/cardinality_0_4920_2048.vnnlib,1.941746034,prepare_instance_error_1,-1
nn4sys,vnncomp2022/benchmarks/nn4sys/onnx/mscn_2048d.onnx,vnncomp2022/benchmarks/nn4sys/vnnlib/cardinality_0_5480_2048.vnnlib,1.963536708,prepare_instance_error_1,-1
nn4sys,vnncomp2022/benchmarks/nn4sys/onnx/mscn_2048d_dual.onnx,vnncomp2022/benchmarks/nn4sys/vnnlib/cardinality_1_1_2048_dual.vnnlib,1.949691238,prepare_instance_error_1,-1
nn4sys,vnncomp2022/benchmarks/nn4sys/onnx/mscn_2048d_dual.onnx,vnncomp2022/benchmarks/nn4sys/vnnlib/cardinality_1_240_2048_dual.vnnlib,1.979009352,prepare_instance_error_1,-1
nn4sys,vnncomp2022/benchmarks/nn4sys/onnx/mscn_2048d_dual.onnx,vnncomp2022/benchmarks/nn4sys/vnnlib/cardinality_1_360_2048_dual.vnnlib,1.990906834,prepare_instance_error_1,-1
nn4sys,vnncomp2022/benchmarks/nn4sys/onnx/mscn_2048d_dual.onnx,vnncomp2022/benchmarks/nn4sys/vnnlib/cardinality_1_480_2048_dual.vnnlib,1.951135548,prepare_instance_error_1,-1
nn4sys,vnncomp2022/benchmarks/nn4sys/onnx/mscn_2048d_dual.onnx,vnncomp2022/benchmarks/nn4sys/vnnlib/cardinality_1_600_2048_dual.vnnlib,1.982743695,prepare_instance_error_1,-1
nn4sys,vnncomp2022/benchmarks/nn4sys/onnx/mscn_2048d_dual.onnx,vnncomp2022/benchmarks/nn4sys/vnnlib/cardinality_1_720_2048_dual.vnnlib,1.945794862,prepare_instance_error_1,-1
nn4sys,vnncomp2022/benchmarks/nn4sys/onnx/mscn_2048d_dual.onnx,vnncomp2022/benchmarks/nn4sys/vnnlib/cardinality_1_840_2048_dual.vnnlib,1.971181327,prepare_instance_error_1,-1
nn4sys,vnncomp2022/benchmarks/nn4sys/onnx/mscn_2048d_dual.onnx,vnncomp2022/benchmarks/nn4sys/vnnlib/cardinality_1_960_2048_dual.vnnlib,1.987853598,prepare_instance_error_1,-1
nn4sys,vnncomp2022/benchmarks/nn4sys/onnx/mscn_2048d_dual.onnx,vnncomp2022/benchmarks/nn4sys/vnnlib/cardinality_1_2260_2048_dual.vnnlib,1.941795364,prepare_instance_error_1,-1
nn4sys,vnncomp2022/benchmarks/nn4sys/onnx/mscn_2048d_dual.onnx,vnncomp2022/benchmarks/nn4sys/vnnlib/cardinality_1_2890_2048_dual.vnnlib,1.950870155,prepare_instance_error_1,-1
nn4sys,vnncomp2022/benchmarks/nn4sys/onnx/mscn_2048d_dual.onnx,vnncomp2022/benchmarks/nn4sys/vnnlib/cardinality_1_3520_2048_dual.vnnlib,1.939318027,prepare_instance_error_1,-1
nn4sys,vnncomp2022/benchmarks/nn4sys/onnx/mscn_2048d_dual.onnx,vnncomp2022/benchmarks/nn4sys/vnnlib/cardinality_1_4150_2048_dual.vnnlib,1.960997021,prepare_instance_error_1,-1
nn4sys,vnncomp2022/benchmarks/nn4sys/onnx/mscn_2048d_dual.onnx,vnncomp2022/benchmarks/nn4sys/vnnlib/cardinality_1_4780_2048_dual.vnnlib,1.982755174,prepare_instance_error_1,-1
nn4sys,vnncomp2022/benchmarks/nn4sys/onnx/mscn_2048d_dual.onnx,vnncomp2022/benchmarks/nn4sys/vnnlib/cardinality_1_5410_2048_dual.vnnlib,1.948458880,prepare_instance_error_1,-1
nn4sys,vnncomp2022/benchmarks/nn4sys/onnx/mscn_2048d_dual.onnx,vnncomp2022/benchmarks/nn4sys/vnnlib/cardinality_1_6040_2048_dual.vnnlib,1.922973932,prepare_instance_error_1,-1
nn4sys,vnncomp2022/benchmarks/nn4sys/onnx/mscn_2048d_dual.onnx,vnncomp2022/benchmarks/nn4sys/vnnlib/cardinality_1_6670_2048_dual.vnnlib,1.992034038,prepare_instance_error_1,-1
nn4sys,vnncomp2022/benchmarks/nn4sys/onnx/mscn_2048d_dual.onnx,vnncomp2022/benchmarks/nn4sys/vnnlib/cardinality_1_7300_2048_dual.vnnlib,1.980650224,prepare_instance_error_1,-1
nn4sys,vnncomp2022/benchmarks/nn4sys/onnx/mscn_2048d_dual.onnx,vnncomp2022/benchmarks/nn4sys/vnnlib/cardinality_1_7930_2048_dual.vnnlib,1.962084646,prepare_instance_error_1,-1
nn4sys,vnncomp2022/benchmarks/nn4sys/onnx/mscn_2048d_dual.onnx,vnncomp2022/benchmarks/nn4sys/vnnlib/cardinality_1_8560_2048_dual.vnnlib,1.966330507,prepare_instance_error_1,-1
nn4sys,vnncomp2022/benchmarks/nn4sys/onnx/mscn_2048d_dual.onnx,vnncomp2022/benchmarks/nn4sys/vnnlib/cardinality_1_9190_2048_dual.vnnlib,1.984220895,prepare_instance_error_1,-1
nn4sys,vnncomp2022/benchmarks/nn4sys/onnx/mscn_2048d_dual.onnx,vnncomp2022/benchmarks/nn4sys/vnnlib/cardinality_1_9820_2048_dual.vnnlib,1.980165497,prepare_instance_error_1,-1
nn4sys,vnncomp2022/benchmarks/nn4sys/onnx/mscn_2048d_dual.onnx,vnncomp2022/benchmarks/nn4sys/vnnlib/cardinality_1_10450_2048_dual.vnnlib,2.029104823,prepare_instance_error_1,-1
nn4sys,vnncomp2022/benchmarks/nn4sys/onnx/mscn_2048d_dual.onnx,vnncomp2022/benchmarks/nn4sys/vnnlib/cardinality_1_11080_2048_dual.vnnlib,1.947508796,prepare_instance_error_1,-1
nn4sys,vnncomp2022/benchmarks/test/test_nano.onnx,vnncomp2022/benchmarks/test/test_nano.vnnlib,1.995301084,prepare_instance_error_1,-1
