nn4sys,vnncomp2022/benchmarks/nn4sys/onnx/pensieve_mid_simple.onnx,vnncomp2022/benchmarks/nn4sys/vnnlib/pensieve_simple_0.vnnlib,2.743193942,unsat,2.691759058
nn4sys,vnncomp2022/benchmarks/nn4sys/onnx/pensieve_mid_simple.onnx,vnncomp2022/benchmarks/nn4sys/vnnlib/pensieve_simple_1.vnnlib,2.732668439,unsat,2.730829118
nn4sys,vnncomp2022/benchmarks/nn4sys/onnx/pensieve_small_simple.onnx,vnncomp2022/benchmarks/nn4sys/vnnlib/pensieve_simple_2.vnnlib,2.710827512,unsat,2.730600435
nn4sys,vnncomp2022/benchmarks/nn4sys/onnx/pensieve_mid_simple.onnx,vnncomp2022/benchmarks/nn4sys/vnnlib/pensieve_simple_3.vnnlib,2.839514020,unsat,2.895560632
nn4sys,vnncomp2022/benchmarks/nn4sys/onnx/pensieve_small_simple.onnx,vnncomp2022/benchmarks/nn4sys/vnnlib/pensieve_simple_4.vnnlib,2.744751609,unsat,2.771149609
nn4sys,vnncomp2022/benchmarks/nn4sys/onnx/pensieve_small_parallel.onnx,vnncomp2022/benchmarks/nn4sys/vnnlib/pensieve_parallel_5.vnnlib,3.821885021,unsat,3.822940226
nn4sys,vnncomp2022/benchmarks/nn4sys/onnx/pensieve_big_parallel.onnx,vnncomp2022/benchmarks/nn4sys/vnnlib/pensieve_parallel_6.vnnlib,3.919075540,unsat,3.912835411
nn4sys,vnncomp2022/benchmarks/nn4sys/onnx/pensieve_mid_simple.onnx,vnncomp2022/benchmarks/nn4sys/vnnlib/pensieve_simple_7.vnnlib,2.704472339,unsat,2.777795943
nn4sys,vnncomp2022/benchmarks/nn4sys/onnx/pensieve_big_parallel.onnx,vnncomp2022/benchmarks/nn4sys/vnnlib/pensieve_parallel_8.vnnlib,3.926325346,unsat,3.805095823
nn4sys,vnncomp2022/benchmarks/nn4sys/onnx/pensieve_small_simple.onnx,vnncomp2022/benchmarks/nn4sys/vnnlib/pensieve_simple_9.vnnlib,2.666819299,unsat,2.668551162
nn4sys,vnncomp2022/benchmarks/nn4sys/onnx/pensieve_big_parallel.onnx,vnncomp2022/benchmarks/nn4sys/vnnlib/pensieve_parallel_10.vnnlib,3.906868584,unsat,3.863738998
nn4sys,vnncomp2022/benchmarks/nn4sys/onnx/pensieve_mid_simple.onnx,vnncomp2022/benchmarks/nn4sys/vnnlib/pensieve_simple_11.vnnlib,2.722876630,unsat,2.744310727
nn4sys,vnncomp2022/benchmarks/nn4sys/onnx/pensieve_small_simple.onnx,vnncomp2022/benchmarks/nn4sys/vnnlib/pensieve_simple_12.vnnlib,2.714095553,unsat,2.714690487
nn4sys,vnncomp2022/benchmarks/nn4sys/onnx/pensieve_small_simple.onnx,vnncomp2022/benchmarks/nn4sys/vnnlib/pensieve_simple_13.vnnlib,2.757615268,unsat,2.692671089
nn4sys,vnncomp2022/benchmarks/nn4sys/onnx/pensieve_big_parallel.onnx,vnncomp2022/benchmarks/nn4sys/vnnlib/pensieve_parallel_14.vnnlib,3.864162754,unsat,3.890469839
nn4sys,vnncomp2022/benchmarks/nn4sys/onnx/pensieve_small_simple.onnx,vnncomp2022/benchmarks/nn4sys/vnnlib/pensieve_simple_15.vnnlib,2.727395199,unsat,2.664100725
nn4sys,vnncomp2022/benchmarks/nn4sys/onnx/pensieve_big_parallel.onnx,vnncomp2022/benchmarks/nn4sys/vnnlib/pensieve_parallel_16.vnnlib,3.920202943,unsat,3.883422190
nn4sys,vnncomp2022/benchmarks/nn4sys/onnx/pensieve_mid_simple.onnx,vnncomp2022/benchmarks/nn4sys/vnnlib/pensieve_simple_17.vnnlib,2.812339286,unsat,2.900654986
nn4sys,vnncomp2022/benchmarks/nn4sys/onnx/pensieve_small_simple.onnx,vnncomp2022/benchmarks/nn4sys/vnnlib/pensieve_simple_18.vnnlib,2.736828272,unsat,2.773620043
nn4sys,vnncomp2022/benchmarks/nn4sys/onnx/pensieve_small_simple.onnx,vnncomp2022/benchmarks/nn4sys/vnnlib/pensieve_simple_19.vnnlib,2.757141799,unsat,2.721039231
nn4sys,vnncomp2022/benchmarks/nn4sys/onnx/pensieve_small_simple.onnx,vnncomp2022/benchmarks/nn4sys/vnnlib/pensieve_simple_20.vnnlib,2.738470271,unsat,2.668481790
nn4sys,vnncomp2022/benchmarks/nn4sys/onnx/pensieve_big_simple.onnx,vnncomp2022/benchmarks/nn4sys/vnnlib/pensieve_simple_21.vnnlib,2.767727689,unsat,2.806383546
nn4sys,vnncomp2022/benchmarks/nn4sys/onnx/pensieve_small_simple.onnx,vnncomp2022/benchmarks/nn4sys/vnnlib/pensieve_simple_22.vnnlib,2.716322866,unsat,2.763462036
nn4sys,vnncomp2022/benchmarks/nn4sys/onnx/pensieve_big_parallel.onnx,vnncomp2022/benchmarks/nn4sys/vnnlib/pensieve_parallel_23.vnnlib,3.967221949,unsat,3.987721960
nn4sys,vnncomp2022/benchmarks/nn4sys/onnx/pensieve_small_parallel.onnx,vnncomp2022/benchmarks/nn4sys/vnnlib/pensieve_parallel_24.vnnlib,3.865190604,unsat,3.740908623
nn4sys,vnncomp2022/benchmarks/nn4sys/onnx/pensieve_mid_simple.onnx,vnncomp2022/benchmarks/nn4sys/vnnlib/pensieve_simple_25.vnnlib,2.776119707,unsat,2.796535799
nn4sys,vnncomp2022/benchmarks/nn4sys/onnx/pensieve_big_parallel.onnx,vnncomp2022/benchmarks/nn4sys/vnnlib/pensieve_parallel_26.vnnlib,3.901936914,unsat,4.067903784
nn4sys,vnncomp2022/benchmarks/nn4sys/onnx/pensieve_mid_simple.onnx,vnncomp2022/benchmarks/nn4sys/vnnlib/pensieve_simple_27.vnnlib,2.802724717,unsat,2.729055204
nn4sys,vnncomp2022/benchmarks/nn4sys/onnx/pensieve_small_parallel.onnx,vnncomp2022/benchmarks/nn4sys/vnnlib/pensieve_parallel_28.vnnlib,3.762523599,unsat,3.746562462
nn4sys,vnncomp2022/benchmarks/nn4sys/onnx/pensieve_small_simple.onnx,vnncomp2022/benchmarks/nn4sys/vnnlib/pensieve_simple_29.vnnlib,2.750586694,unsat,2.661592551
nn4sys,vnncomp2022/benchmarks/nn4sys/onnx/pensieve_small_simple.onnx,vnncomp2022/benchmarks/nn4sys/vnnlib/pensieve_simple_30.vnnlib,2.702897437,unsat,2.672402661
nn4sys,vnncomp2022/benchmarks/nn4sys/onnx/pensieve_mid_simple.onnx,vnncomp2022/benchmarks/nn4sys/vnnlib/pensieve_simple_31.vnnlib,2.705653880,unsat,2.711029405
nn4sys,vnncomp2022/benchmarks/nn4sys/onnx/pensieve_big_simple.onnx,vnncomp2022/benchmarks/nn4sys/vnnlib/pensieve_simple_32.vnnlib,2.757539166,unsat,2.729616539
nn4sys,vnncomp2022/benchmarks/nn4sys/onnx/pensieve_big_simple.onnx,vnncomp2022/benchmarks/nn4sys/vnnlib/pensieve_simple_33.vnnlib,2.747521765,unsat,2.721196571
nn4sys,vnncomp2022/benchmarks/nn4sys/onnx/pensieve_big_simple.onnx,vnncomp2022/benchmarks/nn4sys/vnnlib/pensieve_simple_34.vnnlib,2.752342159,unsat,2.728879128
nn4sys,vnncomp2022/benchmarks/nn4sys/onnx/pensieve_big_parallel.onnx,vnncomp2022/benchmarks/nn4sys/vnnlib/pensieve_parallel_35.vnnlib,5.089112955,unsat,33.990396293
nn4sys,vnncomp2022/benchmarks/nn4sys/onnx/pensieve_big_parallel.onnx,vnncomp2022/benchmarks/nn4sys/vnnlib/pensieve_parallel_36.vnnlib,4.932827845,unsat,32.620342517
nn4sys,vnncomp2022/benchmarks/nn4sys/onnx/pensieve_big_parallel.onnx,vnncomp2022/benchmarks/nn4sys/vnnlib/pensieve_parallel_37.vnnlib,4.815596565,unsat,40.758014464
nn4sys,vnncomp2022/benchmarks/nn4sys/onnx/pensieve_big_parallel.onnx,vnncomp2022/benchmarks/nn4sys/vnnlib/pensieve_parallel_38.vnnlib,4.944936981,unsat,32.586091458
nn4sys,vnncomp2022/benchmarks/nn4sys/onnx/pensieve_big_parallel.onnx,vnncomp2022/benchmarks/nn4sys/vnnlib/pensieve_parallel_39.vnnlib,4.899661993,timeout,65.688986940
nn4sys,vnncomp2022/benchmarks/nn4sys/onnx/pensieve_big_parallel.onnx,vnncomp2022/benchmarks/nn4sys/vnnlib/pensieve_parallel_40.vnnlib,4.960633118,unsat,40.075268614
nn4sys,vnncomp2022/benchmarks/nn4sys/onnx/pensieve_big_parallel.onnx,vnncomp2022/benchmarks/nn4sys/vnnlib/pensieve_parallel_41.vnnlib,4.885006855,unsat,23.014858920
nn4sys,vnncomp2022/benchmarks/nn4sys/onnx/pensieve_big_parallel.onnx,vnncomp2022/benchmarks/nn4sys/vnnlib/pensieve_parallel_42.vnnlib,4.979173600,unsat,56.465035287
nn4sys,vnncomp2022/benchmarks/nn4sys/onnx/pensieve_big_parallel.onnx,vnncomp2022/benchmarks/nn4sys/vnnlib/pensieve_parallel_43.vnnlib,4.882165641,unsat,56.855928942
nn4sys,vnncomp2022/benchmarks/nn4sys/onnx/pensieve_big_parallel.onnx,vnncomp2022/benchmarks/nn4sys/vnnlib/pensieve_parallel_44.vnnlib,4.753632219,unsat,35.670098787
nn4sys,vnncomp2022/benchmarks/nn4sys/onnx/pensieve_big_parallel.onnx,vnncomp2022/benchmarks/nn4sys/vnnlib/pensieve_parallel_45.vnnlib,4.850422577,unsat,32.861684500
nn4sys,vnncomp2022/benchmarks/nn4sys/onnx/pensieve_big_parallel.onnx,vnncomp2022/benchmarks/nn4sys/vnnlib/pensieve_parallel_46.vnnlib,4.902838623,unsat,28.371611132
nn4sys,vnncomp2022/benchmarks/nn4sys/onnx/pensieve_big_parallel.onnx,vnncomp2022/benchmarks/nn4sys/vnnlib/pensieve_parallel_47.vnnlib,4.816937215,unsat,41.653876708
nn4sys,vnncomp2022/benchmarks/nn4sys/onnx/pensieve_big_parallel.onnx,vnncomp2022/benchmarks/nn4sys/vnnlib/pensieve_parallel_48.vnnlib,4.847849380,unsat,33.448109643
nn4sys,vnncomp2022/benchmarks/nn4sys/onnx/pensieve_big_parallel.onnx,vnncomp2022/benchmarks/nn4sys/vnnlib/pensieve_parallel_49.vnnlib,4.800744592,unsat,45.071428133
nn4sys,vnncomp2022/benchmarks/nn4sys/onnx/pensieve_big_parallel.onnx,vnncomp2022/benchmarks/nn4sys/vnnlib/pensieve_parallel_50.vnnlib,4.771596466,unsat,46.436383729
nn4sys,vnncomp2022/benchmarks/nn4sys/onnx/pensieve_big_parallel.onnx,vnncomp2022/benchmarks/nn4sys/vnnlib/pensieve_parallel_51.vnnlib,4.836700545,unsat,57.180615706
nn4sys,vnncomp2022/benchmarks/nn4sys/onnx/pensieve_big_parallel.onnx,vnncomp2022/benchmarks/nn4sys/vnnlib/pensieve_parallel_52.vnnlib,4.919886359,unsat,27.789194413
nn4sys,vnncomp2022/benchmarks/nn4sys/onnx/pensieve_big_parallel.onnx,vnncomp2022/benchmarks/nn4sys/vnnlib/pensieve_parallel_53.vnnlib,4.801219287,unsat,44.244389810
nn4sys,vnncomp2022/benchmarks/nn4sys/onnx/pensieve_big_parallel.onnx,vnncomp2022/benchmarks/nn4sys/vnnlib/pensieve_parallel_54.vnnlib,4.770413538,unsat,54.403672828
nn4sys,vnncomp2022/benchmarks/nn4sys/onnx/pensieve_big_parallel.onnx,vnncomp2022/benchmarks/nn4sys/vnnlib/pensieve_parallel_55.vnnlib,4.820237851,unsat,27.482582461
nn4sys,vnncomp2022/benchmarks/nn4sys/onnx/pensieve_big_parallel.onnx,vnncomp2022/benchmarks/nn4sys/vnnlib/pensieve_parallel_56.vnnlib,4.784007053,timeout,68.201138875
nn4sys,vnncomp2022/benchmarks/nn4sys/onnx/pensieve_big_parallel.onnx,vnncomp2022/benchmarks/nn4sys/vnnlib/pensieve_parallel_57.vnnlib,4.746419485,unsat,29.908168056
nn4sys,vnncomp2022/benchmarks/nn4sys/onnx/pensieve_big_parallel.onnx,vnncomp2022/benchmarks/nn4sys/vnnlib/pensieve_parallel_58.vnnlib,4.841976054,unsat,28.904076030
nn4sys,vnncomp2022/benchmarks/nn4sys/onnx/pensieve_big_parallel.onnx,vnncomp2022/benchmarks/nn4sys/vnnlib/pensieve_parallel_59.vnnlib,4.865554984,unsat,30.028120005
nn4sys,vnncomp2022/benchmarks/nn4sys/onnx/pensieve_big_parallel.onnx,vnncomp2022/benchmarks/nn4sys/vnnlib/pensieve_parallel_60.vnnlib,4.772889770,unsat,31.953036263
nn4sys,vnncomp2022/benchmarks/nn4sys/onnx/pensieve_big_parallel.onnx,vnncomp2022/benchmarks/nn4sys/vnnlib/pensieve_parallel_61.vnnlib,4.838760068,unsat,32.741973082
nn4sys,vnncomp2022/benchmarks/nn4sys/onnx/pensieve_big_parallel.onnx,vnncomp2022/benchmarks/nn4sys/vnnlib/pensieve_parallel_62.vnnlib,4.774754879,unsat,42.576782384
nn4sys,vnncomp2022/benchmarks/nn4sys/onnx/pensieve_big_parallel.onnx,vnncomp2022/benchmarks/nn4sys/vnnlib/pensieve_parallel_63.vnnlib,4.790677978,unsat,52.043811672
nn4sys,vnncomp2022/benchmarks/nn4sys/onnx/pensieve_big_parallel.onnx,vnncomp2022/benchmarks/nn4sys/vnnlib/pensieve_parallel_64.vnnlib,4.835246176,unsat,24.505918255
nn4sys,vnncomp2022/benchmarks/nn4sys/onnx/pensieve_big_parallel.onnx,vnncomp2022/benchmarks/nn4sys/vnnlib/pensieve_parallel_65.vnnlib,4.752964487,unsat,39.152509028
nn4sys,vnncomp2022/benchmarks/nn4sys/onnx/pensieve_big_parallel.onnx,vnncomp2022/benchmarks/nn4sys/vnnlib/pensieve_parallel_66.vnnlib,4.821579159,unsat,28.869153163
nn4sys,vnncomp2022/benchmarks/nn4sys/onnx/pensieve_big_parallel.onnx,vnncomp2022/benchmarks/nn4sys/vnnlib/pensieve_parallel_67.vnnlib,4.718286472,unsat,44.281888632
nn4sys,vnncomp2022/benchmarks/nn4sys/onnx/pensieve_big_parallel.onnx,vnncomp2022/benchmarks/nn4sys/vnnlib/pensieve_parallel_68.vnnlib,4.786299636,unsat,41.741956804
nn4sys,vnncomp2022/benchmarks/nn4sys/onnx/pensieve_big_parallel.onnx,vnncomp2022/benchmarks/nn4sys/vnnlib/pensieve_parallel_69.vnnlib,4.803822210,unsat,36.654273978
nn4sys,vnncomp2022/benchmarks/nn4sys/onnx/pensieve_big_parallel.onnx,vnncomp2022/benchmarks/nn4sys/vnnlib/pensieve_parallel_70.vnnlib,4.815758239,unsat,45.613197842
nn4sys,vnncomp2022/benchmarks/nn4sys/onnx/pensieve_big_parallel.onnx,vnncomp2022/benchmarks/nn4sys/vnnlib/pensieve_parallel_71.vnnlib,4.786221025,unsat,51.932350081
nn4sys,vnncomp2022/benchmarks/nn4sys/onnx/pensieve_big_parallel.onnx,vnncomp2022/benchmarks/nn4sys/vnnlib/pensieve_parallel_72.vnnlib,4.762243745,unsat,59.083418003
nn4sys,vnncomp2022/benchmarks/nn4sys/onnx/pensieve_big_parallel.onnx,vnncomp2022/benchmarks/nn4sys/vnnlib/pensieve_parallel_73.vnnlib,4.835120259,unsat,65.999992876
nn4sys,vnncomp2022/benchmarks/nn4sys/onnx/pensieve_big_parallel.onnx,vnncomp2022/benchmarks/nn4sys/vnnlib/pensieve_parallel_74.vnnlib,4.820783291,unsat,47.221890456
nn4sys,vnncomp2022/benchmarks/nn4sys/onnx/pensieve_big_parallel.onnx,vnncomp2022/benchmarks/nn4sys/vnnlib/pensieve_parallel_75.vnnlib,4.911131740,unsat,58.337528204
nn4sys,vnncomp2022/benchmarks/nn4sys/onnx/pensieve_big_parallel.onnx,vnncomp2022/benchmarks/nn4sys/vnnlib/pensieve_parallel_76.vnnlib,4.939436358,unsat,114.024426643
nn4sys,vnncomp2022/benchmarks/nn4sys/onnx/pensieve_big_parallel.onnx,vnncomp2022/benchmarks/nn4sys/vnnlib/pensieve_parallel_77.vnnlib,4.743458344,unsat,75.266768450
nn4sys,vnncomp2022/benchmarks/nn4sys/onnx/pensieve_big_parallel.onnx,vnncomp2022/benchmarks/nn4sys/vnnlib/pensieve_parallel_78.vnnlib,4.747855399,unsat,65.774146351
nn4sys,vnncomp2022/benchmarks/nn4sys/onnx/pensieve_big_parallel.onnx,vnncomp2022/benchmarks/nn4sys/vnnlib/pensieve_parallel_79.vnnlib,4.713555890,timeout,145.776141058
nn4sys,vnncomp2022/benchmarks/nn4sys/onnx/pensieve_big_parallel.onnx,vnncomp2022/benchmarks/nn4sys/vnnlib/pensieve_parallel_80.vnnlib,5.034343049,unsat,64.577246026
nn4sys,vnncomp2022/benchmarks/nn4sys/onnx/pensieve_big_parallel.onnx,vnncomp2022/benchmarks/nn4sys/vnnlib/pensieve_parallel_81.vnnlib,4.918281554,unsat,63.089363412
nn4sys,vnncomp2022/benchmarks/nn4sys/onnx/pensieve_big_parallel.onnx,vnncomp2022/benchmarks/nn4sys/vnnlib/pensieve_parallel_82.vnnlib,4.812332254,unsat,37.935155473
nn4sys,vnncomp2022/benchmarks/nn4sys/onnx/pensieve_big_parallel.onnx,vnncomp2022/benchmarks/nn4sys/vnnlib/pensieve_parallel_83.vnnlib,4.950422438,unsat,106.908331022
nn4sys,vnncomp2022/benchmarks/nn4sys/onnx/pensieve_big_parallel.onnx,vnncomp2022/benchmarks/nn4sys/vnnlib/pensieve_parallel_84.vnnlib,4.821354441,unsat,57.111410409
nn4sys,vnncomp2022/benchmarks/nn4sys/onnx/pensieve_big_parallel.onnx,vnncomp2022/benchmarks/nn4sys/vnnlib/pensieve_parallel_85.vnnlib,4.734324909,unsat,53.974108692
nn4sys,vnncomp2022/benchmarks/nn4sys/onnx/pensieve_big_parallel.onnx,vnncomp2022/benchmarks/nn4sys/vnnlib/pensieve_parallel_86.vnnlib,4.834488116,unsat,68.386835015
nn4sys,vnncomp2022/benchmarks/nn4sys/onnx/pensieve_big_parallel.onnx,vnncomp2022/benchmarks/nn4sys/vnnlib/pensieve_parallel_87.vnnlib,4.692512125,unsat,49.276750250
nn4sys,vnncomp2022/benchmarks/nn4sys/onnx/pensieve_big_parallel.onnx,vnncomp2022/benchmarks/nn4sys/vnnlib/pensieve_parallel_88.vnnlib,4.836959720,unsat,40.387156980
nn4sys,vnncomp2022/benchmarks/nn4sys/onnx/pensieve_big_parallel.onnx,vnncomp2022/benchmarks/nn4sys/vnnlib/pensieve_parallel_89.vnnlib,4.794832133,unsat,54.275974042
nn4sys,vnncomp2022/benchmarks/nn4sys/onnx/pensieve_big_parallel.onnx,vnncomp2022/benchmarks/nn4sys/vnnlib/pensieve_parallel_90.vnnlib,4.861867177,unsat,53.026166671
nn4sys,vnncomp2022/benchmarks/nn4sys/onnx/pensieve_big_parallel.onnx,vnncomp2022/benchmarks/nn4sys/vnnlib/pensieve_parallel_91.vnnlib,4.859284858,timeout,146.196553383
nn4sys,vnncomp2022/benchmarks/nn4sys/onnx/pensieve_big_parallel.onnx,vnncomp2022/benchmarks/nn4sys/vnnlib/pensieve_parallel_92.vnnlib,4.783683832,unsat,45.672359287
nn4sys,vnncomp2022/benchmarks/nn4sys/onnx/pensieve_big_parallel.onnx,vnncomp2022/benchmarks/nn4sys/vnnlib/pensieve_parallel_93.vnnlib,4.735488016,unsat,52.783478178
nn4sys,vnncomp2022/benchmarks/nn4sys/onnx/pensieve_big_parallel.onnx,vnncomp2022/benchmarks/nn4sys/vnnlib/pensieve_parallel_94.vnnlib,4.941501233,unsat,49.205524816
nn4sys,vnncomp2022/benchmarks/nn4sys/onnx/pensieve_big_parallel.onnx,vnncomp2022/benchmarks/nn4sys/vnnlib/pensieve_parallel_95.vnnlib,4.819096038,unsat,50.405526411
nn4sys,vnncomp2022/benchmarks/nn4sys/onnx/pensieve_big_parallel.onnx,vnncomp2022/benchmarks/nn4sys/vnnlib/pensieve_parallel_96.vnnlib,4.928155119,unsat,71.574534754
nn4sys,vnncomp2022/benchmarks/nn4sys/onnx/pensieve_big_parallel.onnx,vnncomp2022/benchmarks/nn4sys/vnnlib/pensieve_parallel_97.vnnlib,4.873030267,unsat,47.987958180
nn4sys,vnncomp2022/benchmarks/nn4sys/onnx/pensieve_big_parallel.onnx,vnncomp2022/benchmarks/nn4sys/vnnlib/pensieve_parallel_98.vnnlib,4.808882642,unsat,46.811900942
nn4sys,vnncomp2022/benchmarks/nn4sys/onnx/pensieve_big_parallel.onnx,vnncomp2022/benchmarks/nn4sys/vnnlib/pensieve_parallel_99.vnnlib,4.894371156,unsat,41.060280532
nn4sys,vnncomp2022/benchmarks/nn4sys/onnx/pensieve_big_parallel.onnx,vnncomp2022/benchmarks/nn4sys/vnnlib/pensieve_parallel_100.vnnlib,4.868191707,unsat,58.433634606
nn4sys,vnncomp2022/benchmarks/nn4sys/onnx/pensieve_big_parallel.onnx,vnncomp2022/benchmarks/nn4sys/vnnlib/pensieve_parallel_101.vnnlib,4.836036739,unsat,43.675191690
nn4sys,vnncomp2022/benchmarks/nn4sys/onnx/pensieve_big_parallel.onnx,vnncomp2022/benchmarks/nn4sys/vnnlib/pensieve_parallel_102.vnnlib,4.861802408,unsat,62.648067922
nn4sys,vnncomp2022/benchmarks/nn4sys/onnx/pensieve_big_parallel.onnx,vnncomp2022/benchmarks/nn4sys/vnnlib/pensieve_parallel_103.vnnlib,4.837499401,unsat,46.697366205
nn4sys,vnncomp2022/benchmarks/nn4sys/onnx/pensieve_big_parallel.onnx,vnncomp2022/benchmarks/nn4sys/vnnlib/pensieve_parallel_104.vnnlib,4.824185515,unsat,74.982528256
nn4sys,vnncomp2022/benchmarks/nn4sys/onnx/lindex.onnx,vnncomp2022/benchmarks/nn4sys/vnnlib/lindex_1.vnnlib,2.431640855,unsat,2.397217165
nn4sys,vnncomp2022/benchmarks/nn4sys/onnx/lindex_deep.onnx,vnncomp2022/benchmarks/nn4sys/vnnlib/lindex_1.vnnlib,2.465161285,unsat,2.380552984
nn4sys,vnncomp2022/benchmarks/nn4sys/onnx/lindex.onnx,vnncomp2022/benchmarks/nn4sys/vnnlib/lindex_200.vnnlib,2.444287637,unsat,2.455215494
nn4sys,vnncomp2022/benchmarks/nn4sys/onnx/lindex_deep.onnx,vnncomp2022/benchmarks/nn4sys/vnnlib/lindex_200.vnnlib,2.541475444,unsat,2.481989762
nn4sys,vnncomp2022/benchmarks/nn4sys/onnx/lindex.onnx,vnncomp2022/benchmarks/nn4sys/vnnlib/lindex_400.vnnlib,2.524756833,unsat,2.529288092
nn4sys,vnncomp2022/benchmarks/nn4sys/onnx/lindex_deep.onnx,vnncomp2022/benchmarks/nn4sys/vnnlib/lindex_400.vnnlib,2.612302529,unsat,2.579636883
nn4sys,vnncomp2022/benchmarks/nn4sys/onnx/lindex.onnx,vnncomp2022/benchmarks/nn4sys/vnnlib/lindex_600.vnnlib,2.604064594,unsat,2.602922596
nn4sys,vnncomp2022/benchmarks/nn4sys/onnx/lindex_deep.onnx,vnncomp2022/benchmarks/nn4sys/vnnlib/lindex_600.vnnlib,2.728500757,unsat,2.649001842
nn4sys,vnncomp2022/benchmarks/nn4sys/onnx/lindex.onnx,vnncomp2022/benchmarks/nn4sys/vnnlib/lindex_800.vnnlib,2.629811577,unsat,2.635312411
nn4sys,vnncomp2022/benchmarks/nn4sys/onnx/lindex_deep.onnx,vnncomp2022/benchmarks/nn4sys/vnnlib/lindex_800.vnnlib,2.767043116,unsat,2.713507265
nn4sys,vnncomp2022/benchmarks/nn4sys/onnx/lindex.onnx,vnncomp2022/benchmarks/nn4sys/vnnlib/lindex_1000.vnnlib,2.661527654,unsat,2.679541937
nn4sys,vnncomp2022/benchmarks/nn4sys/onnx/lindex_deep.onnx,vnncomp2022/benchmarks/nn4sys/vnnlib/lindex_1000.vnnlib,2.876029309,unsat,2.831453548
nn4sys,vnncomp2022/benchmarks/nn4sys/onnx/lindex.onnx,vnncomp2022/benchmarks/nn4sys/vnnlib/lindex_3000.vnnlib,3.248658008,unsat,3.179550015
nn4sys,vnncomp2022/benchmarks/nn4sys/onnx/lindex_deep.onnx,vnncomp2022/benchmarks/nn4sys/vnnlib/lindex_3000.vnnlib,3.637251012,unsat,3.632092816
nn4sys,vnncomp2022/benchmarks/nn4sys/onnx/lindex.onnx,vnncomp2022/benchmarks/nn4sys/vnnlib/lindex_5000.vnnlib,3.773630347,unsat,3.758297061
nn4sys,vnncomp2022/benchmarks/nn4sys/onnx/lindex_deep.onnx,vnncomp2022/benchmarks/nn4sys/vnnlib/lindex_5000.vnnlib,4.450187976,unsat,4.348560776
nn4sys,vnncomp2022/benchmarks/nn4sys/onnx/lindex.onnx,vnncomp2022/benchmarks/nn4sys/vnnlib/lindex_7000.vnnlib,4.199518105,unsat,4.231539622
nn4sys,vnncomp2022/benchmarks/nn4sys/onnx/lindex_deep.onnx,vnncomp2022/benchmarks/nn4sys/vnnlib/lindex_7000.vnnlib,5.081057463,unsat,5.139489500
nn4sys,vnncomp2022/benchmarks/nn4sys/onnx/lindex.onnx,vnncomp2022/benchmarks/nn4sys/vnnlib/lindex_9000.vnnlib,4.848071171,unsat,4.748119743
nn4sys,vnncomp2022/benchmarks/nn4sys/onnx/lindex_deep.onnx,vnncomp2022/benchmarks/nn4sys/vnnlib/lindex_9000.vnnlib,6.011490206,unsat,6.059769364
nn4sys,vnncomp2022/benchmarks/nn4sys/onnx/lindex.onnx,vnncomp2022/benchmarks/nn4sys/vnnlib/lindex_10000.vnnlib,4.969368961,unsat,4.945970653
nn4sys,vnncomp2022/benchmarks/nn4sys/onnx/lindex_deep.onnx,vnncomp2022/benchmarks/nn4sys/vnnlib/lindex_10000.vnnlib,6.296984927,unsat,6.309491007
nn4sys,vnncomp2022/benchmarks/nn4sys/onnx/lindex.onnx,vnncomp2022/benchmarks/nn4sys/vnnlib/lindex_60000.vnnlib,17.435247832,unsat,18.661850243
nn4sys,vnncomp2022/benchmarks/nn4sys/onnx/lindex_deep.onnx,vnncomp2022/benchmarks/nn4sys/vnnlib/lindex_60000.vnnlib,24.012235382,unsat,27.331912467
nn4sys,vnncomp2022/benchmarks/nn4sys/onnx/mscn_128d.onnx,vnncomp2022/benchmarks/nn4sys/vnnlib/cardinality_0_1_128.vnnlib,3.226322067,unsat,3.366145001
nn4sys,vnncomp2022/benchmarks/nn4sys/onnx/mscn_128d.onnx,vnncomp2022/benchmarks/nn4sys/vnnlib/cardinality_0_500_128.vnnlib,5.359630562,unsat,6.766286025
nn4sys,vnncomp2022/benchmarks/nn4sys/onnx/mscn_128d.onnx,vnncomp2022/benchmarks/nn4sys/vnnlib/cardinality_0_750_128.vnnlib,5.583060744,unsat,8.680358623
nn4sys,vnncomp2022/benchmarks/nn4sys/onnx/mscn_128d.onnx,vnncomp2022/benchmarks/nn4sys/vnnlib/cardinality_0_1000_128.vnnlib,5.294281342,unsat,10.462610349
nn4sys,vnncomp2022/benchmarks/nn4sys/onnx/mscn_128d.onnx,vnncomp2022/benchmarks/nn4sys/vnnlib/cardinality_0_2120_128.vnnlib,5.594407345,unsat,20.118697525
nn4sys,vnncomp2022/benchmarks/nn4sys/onnx/mscn_128d.onnx,vnncomp2022/benchmarks/nn4sys/vnnlib/cardinality_0_2680_128.vnnlib,5.647625374,unsat,24.454773639
nn4sys,vnncomp2022/benchmarks/nn4sys/onnx/mscn_128d.onnx,vnncomp2022/benchmarks/nn4sys/vnnlib/cardinality_0_3240_128.vnnlib,5.958007060,unsat,27.452677138
nn4sys,vnncomp2022/benchmarks/nn4sys/onnx/mscn_128d.onnx,vnncomp2022/benchmarks/nn4sys/vnnlib/cardinality_0_3800_128.vnnlib,5.888438863,unsat,31.614044975
nn4sys,vnncomp2022/benchmarks/nn4sys/onnx/mscn_128d_dual.onnx,vnncomp2022/benchmarks/nn4sys/vnnlib/cardinality_1_1_128_dual.vnnlib,4.452477863,unsat,4.414617435
nn4sys,vnncomp2022/benchmarks/nn4sys/onnx/mscn_128d_dual.onnx,vnncomp2022/benchmarks/nn4sys/vnnlib/cardinality_1_240_128_dual.vnnlib,6.407685403,unsat,15.409505278
nn4sys,vnncomp2022/benchmarks/nn4sys/onnx/mscn_128d_dual.onnx,vnncomp2022/benchmarks/nn4sys/vnnlib/cardinality_1_360_128_dual.vnnlib,6.584950924,unsat,17.971403642
nn4sys,vnncomp2022/benchmarks/nn4sys/onnx/mscn_128d_dual.onnx,vnncomp2022/benchmarks/nn4sys/vnnlib/cardinality_1_480_128_dual.vnnlib,6.650898919,unsat,21.758294566
nn4sys,vnncomp2022/benchmarks/nn4sys/onnx/mscn_128d_dual.onnx,vnncomp2022/benchmarks/nn4sys/vnnlib/cardinality_1_600_128_dual.vnnlib,6.966552544,unsat,26.695167373
nn4sys,vnncomp2022/benchmarks/nn4sys/onnx/mscn_128d_dual.onnx,vnncomp2022/benchmarks/nn4sys/vnnlib/cardinality_1_720_128_dual.vnnlib,7.625486390,unsat,31.083066196
nn4sys,vnncomp2022/benchmarks/nn4sys/onnx/mscn_128d_dual.onnx,vnncomp2022/benchmarks/nn4sys/vnnlib/cardinality_1_840_128_dual.vnnlib,7.786921419,unsat,34.379013507
nn4sys,vnncomp2022/benchmarks/nn4sys/onnx/mscn_128d_dual.onnx,vnncomp2022/benchmarks/nn4sys/vnnlib/cardinality_1_960_128_dual.vnnlib,8.482724555,unsat,39.387119743
nn4sys,vnncomp2022/benchmarks/nn4sys/onnx/mscn_128d_dual.onnx,vnncomp2022/benchmarks/nn4sys/vnnlib/cardinality_1_2260_128_dual.vnnlib,9.230376928,unsat,91.662576772
nn4sys,vnncomp2022/benchmarks/nn4sys/onnx/mscn_128d_dual.onnx,vnncomp2022/benchmarks/nn4sys/vnnlib/cardinality_1_2890_128_dual.vnnlib,8.694274164,timeout,105.312275508
nn4sys,vnncomp2022/benchmarks/nn4sys/onnx/mscn_128d_dual.onnx,vnncomp2022/benchmarks/nn4sys/vnnlib/cardinality_1_3520_128_dual.vnnlib,8.976622089,timeout,123.705109857
nn4sys,vnncomp2022/benchmarks/nn4sys/onnx/mscn_128d_dual.onnx,vnncomp2022/benchmarks/nn4sys/vnnlib/cardinality_1_4150_128_dual.vnnlib,8.840354456,timeout,144.679601227
nn4sys,vnncomp2022/benchmarks/nn4sys/onnx/mscn_128d_dual.onnx,vnncomp2022/benchmarks/nn4sys/vnnlib/cardinality_1_4780_128_dual.vnnlib,9.087707052,timeout,145.420008788
nn4sys,vnncomp2022/benchmarks/nn4sys/onnx/mscn_128d_dual.onnx,vnncomp2022/benchmarks/nn4sys/vnnlib/cardinality_1_5410_128_dual.vnnlib,9.448069861,timeout,145.501524779
nn4sys,vnncomp2022/benchmarks/nn4sys/onnx/mscn_128d_dual.onnx,vnncomp2022/benchmarks/nn4sys/vnnlib/cardinality_1_6040_128_dual.vnnlib,9.838014964,timeout,166.828785651
nn4sys,vnncomp2022/benchmarks/nn4sys/onnx/mscn_128d_dual.onnx,vnncomp2022/benchmarks/nn4sys/vnnlib/cardinality_1_6670_128_dual.vnnlib,9.585768280,timeout,165.732478166
nn4sys,vnncomp2022/benchmarks/nn4sys/onnx/mscn_128d_dual.onnx,vnncomp2022/benchmarks/nn4sys/vnnlib/cardinality_1_7300_128_dual.vnnlib,10.147407772,timeout,165.791892656
nn4sys,vnncomp2022/benchmarks/nn4sys/onnx/mscn_128d_dual.onnx,vnncomp2022/benchmarks/nn4sys/vnnlib/cardinality_1_7930_128_dual.vnnlib,9.910257989,timeout,185.215419745
nn4sys,vnncomp2022/benchmarks/nn4sys/onnx/mscn_128d_dual.onnx,vnncomp2022/benchmarks/nn4sys/vnnlib/cardinality_1_8560_128_dual.vnnlib,10.279328523,timeout,185.569136785
nn4sys,vnncomp2022/benchmarks/nn4sys/onnx/mscn_128d_dual.onnx,vnncomp2022/benchmarks/nn4sys/vnnlib/cardinality_1_9190_128_dual.vnnlib,10.340000129,timeout,185.738284009
nn4sys,vnncomp2022/benchmarks/nn4sys/onnx/mscn_128d_dual.onnx,vnncomp2022/benchmarks/nn4sys/vnnlib/cardinality_1_9820_128_dual.vnnlib,10.560481817,timeout,204.965454456
nn4sys,vnncomp2022/benchmarks/nn4sys/onnx/mscn_128d_dual.onnx,vnncomp2022/benchmarks/nn4sys/vnnlib/cardinality_1_10450_128_dual.vnnlib,10.797231796,timeout,205.379181585
nn4sys,vnncomp2022/benchmarks/nn4sys/onnx/mscn_128d_dual.onnx,vnncomp2022/benchmarks/nn4sys/vnnlib/cardinality_1_11080_128_dual.vnnlib,11.680284691,timeout,406.137724873
nn4sys,vnncomp2022/benchmarks/nn4sys/onnx/mscn_2048d.onnx,vnncomp2022/benchmarks/nn4sys/vnnlib/cardinality_0_1_2048.vnnlib,2.356528681,no_result_in_file,4.666601613
nn4sys,vnncomp2022/benchmarks/nn4sys/onnx/mscn_2048d.onnx,vnncomp2022/benchmarks/nn4sys/vnnlib/cardinality_0_500_2048.vnnlib,2.395221672,no_result_in_file,4.786562621
nn4sys,vnncomp2022/benchmarks/nn4sys/onnx/mscn_2048d.onnx,vnncomp2022/benchmarks/nn4sys/vnnlib/cardinality_0_750_2048.vnnlib,2.420128970,no_result_in_file,4.869358468
nn4sys,vnncomp2022/benchmarks/nn4sys/onnx/mscn_2048d.onnx,vnncomp2022/benchmarks/nn4sys/vnnlib/cardinality_0_1000_2048.vnnlib,2.464386340,no_result_in_file,4.768728420
nn4sys,vnncomp2022/benchmarks/nn4sys/onnx/mscn_2048d.onnx,vnncomp2022/benchmarks/nn4sys/vnnlib/cardinality_0_2120_2048.vnnlib,2.487560414,no_result_in_file,4.955181589
nn4sys,vnncomp2022/benchmarks/nn4sys/onnx/mscn_2048d.onnx,vnncomp2022/benchmarks/nn4sys/vnnlib/cardinality_0_2680_2048.vnnlib,2.562415412,no_result_in_file,5.149118114
nn4sys,vnncomp2022/benchmarks/nn4sys/onnx/mscn_2048d.onnx,vnncomp2022/benchmarks/nn4sys/vnnlib/cardinality_0_3240_2048.vnnlib,2.583047631,no_result_in_file,5.067784277
nn4sys,vnncomp2022/benchmarks/nn4sys/onnx/mscn_2048d.onnx,vnncomp2022/benchmarks/nn4sys/vnnlib/cardinality_0_3800_2048.vnnlib,2.662739368,no_result_in_file,5.332582408
nn4sys,vnncomp2022/benchmarks/nn4sys/onnx/mscn_2048d.onnx,vnncomp2022/benchmarks/nn4sys/vnnlib/cardinality_0_4360_2048.vnnlib,2.735663641,no_result_in_file,5.371476254
nn4sys,vnncomp2022/benchmarks/nn4sys/onnx/mscn_2048d.onnx,vnncomp2022/benchmarks/nn4sys/vnnlib/cardinality_0_4920_2048.vnnlib,2.816285793,no_result_in_file,5.511772953
nn4sys,vnncomp2022/benchmarks/nn4sys/onnx/mscn_2048d.onnx,vnncomp2022/benchmarks/nn4sys/vnnlib/cardinality_0_5480_2048.vnnlib,2.803913721,no_result_in_file,5.552067101
nn4sys,vnncomp2022/benchmarks/nn4sys/onnx/mscn_2048d_dual.onnx,vnncomp2022/benchmarks/nn4sys/vnnlib/cardinality_1_1_2048_dual.vnnlib,2.359698535,no_result_in_file,4.806416277
nn4sys,vnncomp2022/benchmarks/nn4sys/onnx/mscn_2048d_dual.onnx,vnncomp2022/benchmarks/nn4sys/vnnlib/cardinality_1_240_2048_dual.vnnlib,2.403395696,no_result_in_file,4.726142508
nn4sys,vnncomp2022/benchmarks/nn4sys/onnx/mscn_2048d_dual.onnx,vnncomp2022/benchmarks/nn4sys/vnnlib/cardinality_1_360_2048_dual.vnnlib,2.422266638,no_result_in_file,4.822150771
nn4sys,vnncomp2022/benchmarks/nn4sys/onnx/mscn_2048d_dual.onnx,vnncomp2022/benchmarks/nn4sys/vnnlib/cardinality_1_480_2048_dual.vnnlib,2.463342163,no_result_in_file,4.855964493
nn4sys,vnncomp2022/benchmarks/nn4sys/onnx/mscn_2048d_dual.onnx,vnncomp2022/benchmarks/nn4sys/vnnlib/cardinality_1_600_2048_dual.vnnlib,2.450044464,no_result_in_file,4.835557603
nn4sys,vnncomp2022/benchmarks/nn4sys/onnx/mscn_2048d_dual.onnx,vnncomp2022/benchmarks/nn4sys/vnnlib/cardinality_1_720_2048_dual.vnnlib,2.465015814,no_result_in_file,4.874841131
nn4sys,vnncomp2022/benchmarks/nn4sys/onnx/mscn_2048d_dual.onnx,vnncomp2022/benchmarks/nn4sys/vnnlib/cardinality_1_840_2048_dual.vnnlib,2.480171865,no_result_in_file,4.911047266
nn4sys,vnncomp2022/benchmarks/nn4sys/onnx/mscn_2048d_dual.onnx,vnncomp2022/benchmarks/nn4sys/vnnlib/cardinality_1_960_2048_dual.vnnlib,2.489876820,no_result_in_file,4.920653478
nn4sys,vnncomp2022/benchmarks/nn4sys/onnx/mscn_2048d_dual.onnx,vnncomp2022/benchmarks/nn4sys/vnnlib/cardinality_1_2260_2048_dual.vnnlib,2.615869538,no_result_in_file,5.120169805
nn4sys,vnncomp2022/benchmarks/nn4sys/onnx/mscn_2048d_dual.onnx,vnncomp2022/benchmarks/nn4sys/vnnlib/cardinality_1_2890_2048_dual.vnnlib,2.685731188,no_result_in_file,5.321275442
nn4sys,vnncomp2022/benchmarks/nn4sys/onnx/mscn_2048d_dual.onnx,vnncomp2022/benchmarks/nn4sys/vnnlib/cardinality_1_3520_2048_dual.vnnlib,2.750042222,no_result_in_file,5.384944756
nn4sys,vnncomp2022/benchmarks/nn4sys/onnx/mscn_2048d_dual.onnx,vnncomp2022/benchmarks/nn4sys/vnnlib/cardinality_1_4150_2048_dual.vnnlib,2.754042808,no_result_in_file,5.447909990
nn4sys,vnncomp2022/benchmarks/nn4sys/onnx/mscn_2048d_dual.onnx,vnncomp2022/benchmarks/nn4sys/vnnlib/cardinality_1_4780_2048_dual.vnnlib,2.851775961,no_result_in_file,5.587180527
nn4sys,vnncomp2022/benchmarks/nn4sys/onnx/mscn_2048d_dual.onnx,vnncomp2022/benchmarks/nn4sys/vnnlib/cardinality_1_5410_2048_dual.vnnlib,2.975196878,no_result_in_file,5.907945669
nn4sys,vnncomp2022/benchmarks/nn4sys/onnx/mscn_2048d_dual.onnx,vnncomp2022/benchmarks/nn4sys/vnnlib/cardinality_1_6040_2048_dual.vnnlib,3.077147223,no_result_in_file,6.079363043
nn4sys,vnncomp2022/benchmarks/nn4sys/onnx/mscn_2048d_dual.onnx,vnncomp2022/benchmarks/nn4sys/vnnlib/cardinality_1_6670_2048_dual.vnnlib,3.106261104,no_result_in_file,6.198107846
nn4sys,vnncomp2022/benchmarks/nn4sys/onnx/mscn_2048d_dual.onnx,vnncomp2022/benchmarks/nn4sys/vnnlib/cardinality_1_7300_2048_dual.vnnlib,3.167696281,no_result_in_file,6.206680390
nn4sys,vnncomp2022/benchmarks/nn4sys/onnx/mscn_2048d_dual.onnx,vnncomp2022/benchmarks/nn4sys/vnnlib/cardinality_1_7930_2048_dual.vnnlib,3.138801955,no_result_in_file,6.291788559
nn4sys,vnncomp2022/benchmarks/nn4sys/onnx/mscn_2048d_dual.onnx,vnncomp2022/benchmarks/nn4sys/vnnlib/cardinality_1_8560_2048_dual.vnnlib,3.248399699,no_result_in_file,6.486765960
nn4sys,vnncomp2022/benchmarks/nn4sys/onnx/mscn_2048d_dual.onnx,vnncomp2022/benchmarks/nn4sys/vnnlib/cardinality_1_9190_2048_dual.vnnlib,3.364154302,no_result_in_file,6.567922857
nn4sys,vnncomp2022/benchmarks/nn4sys/onnx/mscn_2048d_dual.onnx,vnncomp2022/benchmarks/nn4sys/vnnlib/cardinality_1_9820_2048_dual.vnnlib,3.439481115,no_result_in_file,6.783505769
nn4sys,vnncomp2022/benchmarks/nn4sys/onnx/mscn_2048d_dual.onnx,vnncomp2022/benchmarks/nn4sys/vnnlib/cardinality_1_10450_2048_dual.vnnlib,3.437814746,no_result_in_file,6.763265277
nn4sys,vnncomp2022/benchmarks/nn4sys/onnx/mscn_2048d_dual.onnx,vnncomp2022/benchmarks/nn4sys/vnnlib/cardinality_1_11080_2048_dual.vnnlib,3.502229396,no_result_in_file,7.101708646
nn4sys,vnncomp2022/benchmarks/test/test_nano.onnx,vnncomp2022/benchmarks/test/test_nano.vnnlib,2.428648078,no_result_in_file,4.775474269
